buckets	likes
15	5.983699
60	12.887203
105	16.970621
150	10.882012
195	10.132638
240	10.891368
285	16.575009
330	15.870006
375	18.799733
420	10.002651
465	11.231364
